country,institution,snapshot_month,credits_in_snapshot,cumulative_disbursed_usd,cumulative_repaid_usd,monthly_disbursement_usd,monthly_net_flow_usd,note
Jamaica,IBRD,2011-04,83,1880211112,1312107677,,,
Jamaica,IBRD,2011-05,83,1881211112,1312107677,1000000,1000000,
Jamaica,IBRD,2011-06,83,1888529190,1312107677,7318078,7318078,
Jamaica,IBRD,2011-07,83,1888529190,1314329270,0,-2221593,
Jamaica,IBRD,2011-08,83,1888566690,1327149489,37500,-12782719,
Jamaica,IBRD,2011-09,84,1890566690,1330276989,2000000,-1127500,
Jamaica,IBRD,2011-10,84,1997838659,1330276989,107271969,107271969,
Jamaica,IBRD,2011-11,84,1997838659,1330276989,0,0,
Jamaica,IBRD,2011-12,84,2000621410,1330276989,2782751,2782751,
Jamaica,IBRD,2012-01,84,2000621410,1331945198,0,-1668209,
Jamaica,IBRD,2012-02,84,2005180110,1344765417,4558700,-8261519,
Jamaica,IBRD,2012-03,84,2005380787,1347892917,200677,-2926823,
Jamaica,IBRD,2012-04,84,2008502476,1347892917,3121689,3121689,
Jamaica,IBRD,2012-05,84,2012002476,1347892917,3500000,3500000,
Jamaica,IBRD,2012-06,84,2018472407,1347892917,6469931,6469931,
Jamaica,IBRD,2012-07,84,2021245512,1349561126,2773105,1104896,
Jamaica,IBRD,2012-08,84,2022083123,1362381345,837611,-11982608,
Jamaica,IBRD,2012-09,84,2022982087,1365508845,898964,-2228536,
Jamaica,IBRD,2012-10,84,2026279185,1365508845,3297098,3297098,
Jamaica,IBRD,2012-11,54,930095985,928519121,,,"snapshot incomplete, level not usable"
Jamaica,IBRD,2012-12,84,2026279185,1365508845,0,0,difference spans 2 months because the snapshot(s) between are unusable
Jamaica,IBRD,2013-01,84,2028558146,1367177054,2278961,610752,
Jamaica,IBRD,2013-02,84,2029458146,1379997273,900000,-11920219,
Jamaica,IBRD,2013-03,84,2031048967,1383124773,1590821,-1536679,
Jamaica,IBRD,2013-04,84,2034664500,1383538278,3615533,3202028,
Jamaica,IBRD,2013-05,84,2034664500,1383538278,0,0,
Jamaica,IBRD,2013-06,84,2038946672,1383538278,4282172,4282172,
Jamaica,IBRD,2013-07,84,2038946672,1385206486,0,-1668208,
Jamaica,IBRD,2013-08,84,2041761415,1397890447,2814743,-9869218,
Jamaica,IBRD,2013-09,84,2047889940,1401017947,6128525,3001025,
Jamaica,IBRD,2013-10,84,2050463232,1402563765,2573292,1027474,
Jamaica,IBRD,2013-11,84,2051704196,1402563765,1240964,1240964,
Jamaica,IBRD,2013-12,85,2183264352,1402563765,131560156,131560156,
Jamaica,IBRD,2014-01,86,2183477958,1404231974,213606,-1454603,
Jamaica,IBRD,2014-02,87,2183477958,1415909593,0,-11677619,
Jamaica,IBRD,2014-03,88,2184277958,1419037093,800000,-2327500,
Jamaica,IBRD,2014-04,88,2184277958,1420738559,0,-1701466,
Jamaica,IBRD,2014-05,88,2184277958,1420738559,0,0,
Jamaica,IBRD,2014-06,88,2184407958,1420738559,130000,130000,
Jamaica,IBRD,2014-07,91,2185876648,1422406768,1468690,-199519,
Jamaica,IBRD,2014-08,91,2185981648,1434084387,105000,-11572619,
Jamaica,IBRD,2014-09,91,2188545930,1437211887,2564282,-563218,
Jamaica,IBRD,2014-10,91,2194112154,1438913354,5566224,3864757,
Jamaica,IBRD,2014-11,91,2194112154,1438913354,0,0,
Jamaica,IBRD,2014-12,182,4388607072,2877826708,,,"snapshot duplicated, level not usable"
Jamaica,IBRD,2015-01,91,2195272818,1440581563,1160664,-507545,difference spans 2 months because the snapshot(s) between are unusable
Jamaica,IBRD,2015-02,91,2198423611,1452259182,3150793,-8526826,
Jamaica,IBRD,2015-03,92,2280922713,1455386682,82499102,79371602,
Jamaica,IBRD,2015-04,92,2281825472,1457087686,902759,-798245,
Jamaica,IBRD,2015-05,92,2286747933,1457087686,4922461,4922461,
Jamaica,IBRD,2015-06,92,2296626011,1457087686,9878078,9878078,
Jamaica,IBRD,2015-07,184,4595482232,2917511790,,,"snapshot duplicated, level not usable"
Jamaica,IBRD,2015-08,92,2297805485,1470612686,1179474,-12345526,difference spans 2 months because the snapshot(s) between are unusable
Jamaica,IBRD,2015-09,92,2299297726,1473740186,1492241,-1635259,
Jamaica,IBRD,2015-10,92,2302785689,1479528915,3487963,-2300766,
Jamaica,IBRD,2015-11,92,2305121984,1479528915,2336295,2336295,
Jamaica,IBRD,2015-12,92,2306640427,1479528915,1518443,1518443,
Jamaica,IBRD,2016-01,92,2306640427,1481197124,0,-1668209,
Jamaica,IBRD,2016-02,93,2311719670,1493068525,5079243,-6792158,
Jamaica,IBRD,2016-03,93,2315500666,1496196025,3780996,653496,
Jamaica,IBRD,2016-04,93,2315500666,1501984753,0,-5788728,
Jamaica,IBRD,2016-05,93,2318330656,1502045205,2829990,2769538,
Jamaica,IBRD,2016-06,93,2320687936,1502045205,2357280,2357280,
Jamaica,IBRD,2016-07,93,2320687936,1503713414,0,-1668209,
Jamaica,IBRD,2016-08,93,2327799890,1515627726,7111954,-4802358,
Jamaica,IBRD,2016-09,93,2330035638,1518755226,2235748,-891752,
Jamaica,IBRD,2016-10,93,2330035638,1524818307,0,-6063081,
Jamaica,IBRD,2016-11,93,2332700663,1524902559,2665025,2580773,
Jamaica,IBRD,2016-12,93,2335552685,1524902559,2852022,2852022,
Jamaica,IBRD,2017-01,93,2335712685,1526570768,160000,-1508209,
Jamaica,IBRD,2017-02,93,2336351702,1538535231,639017,-11325446,
Jamaica,IBRD,2017-03,93,2342446306,1541662731,6094604,2967104,
Jamaica,IBRD,2017-04,93,2342556790,1547725812,110484,-5952597,
Jamaica,IBRD,2017-05,93,2351779869,1547810064,9223079,9138827,
Jamaica,IBRD,2017-06,94,2352043612,1547810064,263743,263743,
Jamaica,IBRD,2017-07,94,2425523993,1549478273,73480381,71812172,
Jamaica,IBRD,2017-08,94,2425523993,1561466965,0,-11988692,
Jamaica,IBRD,2017-09,94,2426834479,1564534465,1310486,-1757014,
Jamaica,IBRD,2017-10,94,2433095110,1570602810,6260631,192286,
Jamaica,IBRD,2017-11,94,2434604033,1570720988,1508923,1390745,
Jamaica,IBRD,2017-12,94,2434336388,1570720988,-267645,-267645,
Jamaica,IBRD,2018-01,95,2436708439,1572389197,2372051,703842,
Jamaica,IBRD,2018-02,95,2438965963,1584371810,2257524,-9725089,
Jamaica,IBRD,2018-03,95,2446674458,1584371810,7708495,7708495,
Jamaica,IBRD,2018-04,95,2458000526,1590464661,11326068,5233217,
Jamaica,IBRD,2018-05,95,2458040090,1590666139,39564,-161914,
Jamaica,IBRD,2018-06,95,2462514910,1590666139,4474820,4474820,
Jamaica,IBRD,2018-07,95,2464514910,1592334348,2000000,331791,
Jamaica,IBRD,2018-08,95,2466489795,1604256961,1974885,-9947728,
Jamaica,IBRD,2018-09,95,2466702130,1604256961,212335,212335,
Jamaica,IBRD,2018-10,95,2469202130,1610342167,2500000,-3585206,
Jamaica,IBRD,2018-11,95,2471877130,1610567445,2675000,2449722,
Jamaica,IBRD,2018-12,95,2476859759,1610567445,4982629,4982629,
Jamaica,IBRD,2019-01,95,2480406865,1612227115,3547106,1887436,
Jamaica,IBRD,2019-02,95,2481946216,1617324167,1539351,-3557701,
Jamaica,IBRD,2019-03,95,2482688262,1617324167,742046,742046,
Jamaica,IBRD,2019-04,95,2489455688,1623409374,6767426,682219,
Jamaica,IBRD,2019-05,95,2504066538,1623685635,14610850,14334589,
Jamaica,IBRD,2019-06,95,2505566538,1623685635,1500000,1500000,
Jamaica,IBRD,2019-07,95,2512566538,1623685635,7000000,7000000,
Jamaica,IBRD,2019-08,95,2513221816,1628321453,655278,-3980540,
Jamaica,IBRD,2019-09,95,2513221816,1628321453,0,0,
Jamaica,IBRD,2019-10,95,2516221816,1634406660,3000000,-3085207,
Jamaica,IBRD,2019-11,96,2521948110,1634701961,5726294,5430993,
Jamaica,IBRD,2019-12,96,2521948110,1634701961,0,0,
Jamaica,IBRD,2020-01,96,2521948110,1634701961,0,0,
Jamaica,IBRD,2020-02,96,2525668110,1640490370,3720000,-2068409,
Jamaica,IBRD,2020-03,97,2596738110,1640490370,71070000,71070000,
Jamaica,IBRD,2020-04,97,2598070058,1646575577,1331948,-4753259,
Jamaica,IBRD,2020-05,97,2604892481,1650772619,6822423,2625381,
Jamaica,IBRD,2020-06,97,2607793417,1650772619,2900936,2900936,
Jamaica,IBRD,2020-07,97,2611019052,1650772619,3225635,3225635,
Jamaica,IBRD,2020-08,97,2611019052,1656746485,0,-5973866,
Jamaica,IBRD,2020-09,97,2611019052,1656746485,0,0,
Jamaica,IBRD,2020-10,97,2613089378,1662831691,2070326,-4014880,
Jamaica,IBRD,2020-11,97,2613089378,1667070819,0,-4239128,
Jamaica,IBRD,2020-12,97,2614047979,1667070819,958601,958601,
Jamaica,IBRD,2021-01,97,2614850516,1667070819,802537,802537,
Jamaica,IBRD,2021-02,98,2616082256,1673162642,1231740,-4860083,
Jamaica,IBRD,2021-03,99,2716970281,1673162642,100888025,100888025,
Jamaica,IBRD,2021-04,99,2774084732,1679247849,57114451,51029244,
Jamaica,IBRD,2021-05,99,2776983930,1694494312,2899198,-12347265,
Jamaica,IBRD,2021-06,99,2778850627,1694494312,1866697,1866697,
Jamaica,IBRD,2021-07,99,2779510202,1694494312,659575,659575,
Jamaica,IBRD,2021-08,99,2779710202,1700696586,200000,-6002274,
Jamaica,IBRD,2021-09,99,2780927706,1701694086,1217504,220004,
Jamaica,IBRD,2021-10,99,2780927706,1707779293,0,-6085207,
Jamaica,IBRD,2021-11,99,2783490701,1723025756,2562995,-12683468,
Jamaica,IBRD,2021-12,99,2786391315,1723025756,2900614,2900614,
Jamaica,IBRD,2022-01,99,2786416315,1723025756,25000,25000,
Jamaica,IBRD,2022-02,99,2786416315,1729355733,0,-6329977,
Jamaica,IBRD,2022-03,99,2786236880,1730353233,-179435,-1176935,
Jamaica,IBRD,2022-04,99,2786810826,1736438440,573946,-5511261,
Jamaica,IBRD,2022-05,99,2790087978,1740684903,3277152,-969311,
Jamaica,IBRD,2022-06,99,2791398606,1740684903,1310628,1310628,
Jamaica,IBRD,2022-07,99,2791758913,1740684903,360307,360307,
Jamaica,IBRD,2022-08,99,2791758913,1747028381,0,-6343478,
Jamaica,IBRD,2022-09,99,2791758913,1747778381,0,-750000,
Jamaica,IBRD,2022-10,99,2791990106,1753863587,231193,-5854013,
Jamaica,IBRD,2022-11,99,2792990106,1759860050,1000000,-4996463,
Jamaica,IBRD,2022-12,99,2792990106,1759860050,0,0,
Jamaica,IBRD,2023-01,99,2792990106,1760374921,0,-514871,
Jamaica,IBRD,2023-02,99,2793500681,1766762166,510575,-5876670,
Jamaica,IBRD,2023-03,99,2794075461,1767512166,574780,-175220,
Jamaica,IBRD,2023-04,99,2796732000,1773597372,2656539,-3428667,
Jamaica,IBRD,2023-05,99,2800275119,1789593835,3543119,-12453344,
Jamaica,IBRD,2023-06,99,2803422964,1789593835,3147845,3147845,
Jamaica,IBRD,2023-07,100,2806004671,1790135160,2581707,2040382,
Jamaica,IBRD,2023-08,100,2806004671,1795363091,0,-5227931,
Jamaica,IBRD,2023-09,100,2807166774,1796360591,1162103,164603,
Jamaica,IBRD,2023-10,100,2807166774,1802445797,0,-6085206,
Jamaica,IBRD,2023-11,100,2807166774,1818442260,0,-15996463,
Jamaica,IBRD,2023-12,100,2808103955,1818442260,937181,937181,
Jamaica,IBRD,2024-01,100,2809946579,1819034130,1842624,1250754,
Jamaica,IBRD,2024-02,100,2809946579,1824262061,0,-5227931,
Jamaica,IBRD,2024-03,101,2811271020,1824262061,1324441,1324441,
Jamaica,IBRD,2024-04,101,2811271020,1830347267,0,-6085206,
Jamaica,IBRD,2024-05,101,2811271020,1836344480,0,-5997213,
Jamaica,IBRD,2024-06,101,2812632280,1836344480,1361260,1361260,
Jamaica,IBRD,2024-07,102,2813523185,1836978419,890905,256966,
Jamaica,IBRD,2024-08,102,2817940877,1842206350,4417692,-810239,
Jamaica,IBRD,2024-09,102,2817940877,1842206350,0,0,
Jamaica,IBRD,2024-10,102,2817539608,1848331412,-401269,-6526331,
Jamaica,IBRD,2024-11,102,2817539608,1854343470,0,-6012058,
Jamaica,IBRD,2024-12,102,2821764175,1854343470,4224567,4224567,
Jamaica,IBRD,2025-01,102,2821285208,1855010623,-478967,-1146120,
Jamaica,IBRD,2025-02,104,2821405385,1860229134,120177,-5098334,
Jamaica,IBRD,2025-03,104,2971608473,1861226634,150203088,149205588,
Jamaica,IBRD,2025-04,104,2975563670,1866898336,3955197,-1716505,
Jamaica,IBRD,2025-05,104,2975675553,1872956158,111883,-5945939,
Jamaica,IBRD,2025-06,104,2975981161,1872956158,305608,305608,
Jamaica,IBRD,2025-07,104,2975934681,1873609104,-46480,-699426,
Jamaica,IBRD,2025-08,104,2976235510,1878827614,300829,-4917681,
Jamaica,IBRD,2025-09,104,2976235510,1880327614,0,-1500000,
Jamaica,IBRD,2025-10,104,2976235510,1885999316,0,-5671702,
Jamaica,IBRD,2025-11,104,2976235510,1892517177,0,-6517861,
Jamaica,IBRD,2025-12,104,3020214259,1892517177,43978749,43978749,
Jamaica,IBRD,2026-01,104,3020214259,1893170123,0,-652946,
Jamaica,IBRD,2026-02,104,3020214259,1898388634,0,-5218511,
Jamaica,IBRD,2026-03,105,3062303247,1899138634,42088988,41338988,
Jamaica,IBRD,2026-04,105,3065932759,1904944694,3629512,-2176548,
Jamaica,IBRD,2026-05,105,3065932759,1911515301,0,-6570607,
Jamaica,IBRD,2026-06,105,3069934714,1917065301,4001955,-1548045,
Jamaica,IBRD,2026-07,105,3070120209,1917718247,185495,-467451,
Tonga,IDA,2011-04,8,31496453,1118812,,,
Tonga,IDA,2011-05,8,31925105,1118812,428652,428652,
Tonga,IDA,2011-06,8,32089554,1118812,164449,164449,
Tonga,IDA,2011-07,8,32211358,1118812,121804,121804,
Tonga,IDA,2011-08,9,32679041,1118812,467683,467683,
Tonga,IDA,2011-09,9,32787672,1169810,108631,57633,
Tonga,IDA,2011-10,9,32988441,1207130,200769,163449,
Tonga,IDA,2011-11,10,33301151,1207130,312710,312710,
Tonga,IDA,2011-12,11,42553340,1207130,9252189,9252189,
Tonga,IDA,2012-01,11,42907224,1207130,353884,353884,
Tonga,IDA,2012-02,11,43003489,1207130,96265,96265,
Tonga,IDA,2012-03,11,43517737,1256505,514248,464873,
Tonga,IDA,2012-04,11,43970123,1293005,452386,415886,
Tonga,IDA,2012-05,11,44711824,1293005,741701,741701,
Tonga,IDA,2012-06,11,46582414,1293005,1870590,1870590,
Tonga,IDA,2012-07,11,47380274,1293005,797860,797860,
Tonga,IDA,2012-08,11,47410021,1293005,29747,29747,
Tonga,IDA,2012-09,11,48155818,1341484,745797,697318,
Tonga,IDA,2012-10,11,48777170,1377967,621352,584869,
Tonga,IDA,2012-11,12,48945852,1442960,168682,103689,
Tonga,IDA,2012-12,12,49218247,1442960,272395,272395,
Tonga,IDA,2013-01,12,49661836,1442960,443589,443589,
Tonga,IDA,2013-02,12,51652413,1442960,1990577,1990577,
Tonga,IDA,2013-03,12,54365455,1490977,2713042,2665025,
Tonga,IDA,2013-04,12,54653818,1526678,288363,252662,
Tonga,IDA,2013-05,12,59336547,1590200,4682729,4619207,
Tonga,IDA,2013-06,12,59474858,1590200,138311,138311,
Tonga,IDA,2013-07,12,59559410,1590200,84552,84552,
Tonga,IDA,2013-08,12,62199086,1590200,2639676,2639676,
Tonga,IDA,2013-09,12,63627506,1638464,1428420,1380156,
Tonga,IDA,2013-10,12,64197395,1674798,569889,533555,
Tonga,IDA,2013-11,14,64331404,1740003,134009,68804,
Tonga,IDA,2013-12,14,64671737,1740003,340333,340333,
Tonga,IDA,2014-01,14,70039354,1861820,5367617,5245800,
Tonga,IDA,2014-02,14,70325221,1861820,285867,285867,
Tonga,IDA,2014-03,14,70603893,1911108,278672,229384,
Tonga,IDA,2014-04,14,70680513,1947823,76620,39905,
Tonga,IDA,2014-05,16,70853857,2013628,173344,107539,
Tonga,IDA,2014-06,16,71238801,2013628,384944,384944,
Tonga,IDA,2014-07,16,71437898,2136084,199097,76641,
Tonga,IDA,2014-08,16,72637698,2136084,1199800,1199800,
Tonga,IDA,2014-09,16,73508395,2184448,870697,822333,
Tonga,IDA,2014-10,18,73585828,2219765,77433,42116,
Tonga,IDA,2014-11,18,75425136,2282124,1839308,1776949,
Tonga,IDA,2014-12,18,81258831,2282124,5833695,5833695,
Tonga,IDA,2015-01,18,82795133,2395124,1536302,1423302,
Tonga,IDA,2015-02,18,83296508,2395124,501375,501375,
Tonga,IDA,2015-03,18,84562791,2439789,1266283,1221618,
Tonga,IDA,2015-04,18,84676069,2472302,113278,80765,
Tonga,IDA,2015-05,18,85061674,2532612,385605,325295,
Tonga,IDA,2015-06,20,88440107,2532612,3378433,3378433,
Tonga,IDA,2015-07,20,88440107,2643633,0,-111021,
Tonga,IDA,2015-08,20,89919466,2643633,1479359,1479359,
Tonga,IDA,2015-09,22,91017106,2688451,1097640,1052822,
Tonga,IDA,2015-10,22,93001332,2722037,1984226,1950640,
Tonga,IDA,2015-11,22,93767652,2780988,766320,707369,
Tonga,IDA,2015-12,22,96430526,2789871,2662874,2653991,
Tonga,IDA,2016-01,22,97096081,2899775,665555,555651,
Tonga,IDA,2016-02,22,100602382,2899775,3506301,3506301,
Tonga,IDA,2016-03,26,100610225,2943798,7843,-36180,
Tonga,IDA,2016-04,26,102881871,2977092,2271646,2238352,
Tonga,IDA,2016-05,26,103140653,3037188,258782,198686,
Tonga,IDA,2016-06,26,106661122,3046193,3520469,3511464,
Tonga,IDA,2016-07,26,107050468,3156920,389346,278619,
Tonga,IDA,2016-08,26,107622854,3156920,572386,572386,
Tonga,IDA,2016-09,26,108336445,3201367,713591,669144,
Tonga,IDA,2016-10,26,109178992,3234039,842547,809875,
Tonga,IDA,2016-11,26,109644622,3291928,465630,407741,
Tonga,IDA,2016-12,26,109644622,3300506,0,-8578,
Tonga,IDA,2017-01,26,110029027,3408193,384405,276718,
Tonga,IDA,2017-02,26,110029027,3408193,0,0,
Tonga,IDA,2017-03,26,110329387,3451096,300360,257457,
Tonga,IDA,2017-04,28,110938051,3483333,608664,576427,
Tonga,IDA,2017-05,28,111526196,3541700,588145,529778,
Tonga,IDA,2017-06,28,117204629,3550544,5678433,5669589,
Tonga,IDA,2017-07,28,117819438,3661530,614809,503823,
Tonga,IDA,2017-08,28,118185038,3661530,365600,365600,
Tonga,IDA,2017-09,28,118434243,3706696,249205,204039,
Tonga,IDA,2017-10,28,118737067,3740110,302824,269410,
Tonga,IDA,2017-11,28,120675993,3800205,1938926,1878831,
Tonga,IDA,2017-12,28,121763708,3800205,1087715,1087715,
Tonga,IDA,2018-01,28,122562726,3923606,799018,675617,
Tonga,IDA,2018-02,28,122700032,3923606,137306,137306,
Tonga,IDA,2018-03,28,123381054,3969588,681022,635040,
Tonga,IDA,2018-04,28,124496464,4004038,1115410,1080960,
Tonga,IDA,2018-05,28,124873424,4064870,376960,316128,
Tonga,IDA,2018-06,29,125959705,4073899,1086281,1077252,
Tonga,IDA,2018-07,30,126290305,4185267,330600,219232,
Tonga,IDA,2018-08,31,126709766,4185267,419461,419461,
Tonga,IDA,2018-09,31,127425729,4229765,715963,671465,
Tonga,IDA,2018-10,31,138077795,4262862,10652066,10618969,
Tonga,IDA,2018-11,32,138077795,4321710,0,-58848,
Tonga,IDA,2018-12,32,138255878,4330534,178083,169259,
Tonga,IDA,2019-01,32,138256007,4441373,129,-110710,
Tonga,IDA,2019-02,32,139354702,4441373,1098695,1098695,
Tonga,IDA,2019-03,32,140043648,4485790,688946,644529,
Tonga,IDA,2019-04,33,140399248,4518727,355600,322663,
Tonga,IDA,2019-05,35,142898002,4577603,2498754,2439878,
Tonga,IDA,2019-06,35,149032434,4586455,6134432,6125580,
Tonga,IDA,2019-07,35,149032434,4696190,0,-109735,
Tonga,IDA,2019-08,35,150111502,4696190,1079068,1079068,
Tonga,IDA,2019-09,35,150954841,4739774,843339,799755,
Tonga,IDA,2019-10,35,152837791,4772242,1882950,1850482,
Tonga,IDA,2019-11,35,153039281,4830786,201490,142946,
Tonga,IDA,2019-12,35,154028344,4839642,989063,980207,
Tonga,IDA,2020-01,35,154108731,4945321,80387,-25292,
Tonga,IDA,2020-02,36,155725859,4949273,1617128,1613176,
Tonga,IDA,2020-03,36,156335993,4993015,610134,566392,
Tonga,IDA,2020-04,36,156985591,5025386,649598,617227,
Tonga,IDA,2020-05,37,157702396,5083285,716805,658906,
Tonga,IDA,2020-06,38,164879332,5092111,7176936,7168110,
Tonga,IDA,2020-07,38,166114634,5202558,1235302,1124855,
Tonga,IDA,2020-08,38,168344695,5202558,2230061,2230061,
Tonga,IDA,2020-09,38,169679500,5247900,1334805,1289463,
Tonga,IDA,2020-10,38,171406958,5281335,1727458,1694023,
Tonga,IDA,2020-11,38,173728072,5341808,2321114,2260641,
Tonga,IDA,2020-12,39,204795101,5351010,31067029,31057827,
Tonga,IDA,2021-01,39,205967267,5465429,1172166,1057747,
Tonga,IDA,2021-02,39,207457465,5465429,1490198,1490198,
Tonga,IDA,2021-03,39,208278160,5511163,820695,774961,
Tonga,IDA,2021-04,39,208940013,5545002,661853,628014,
Tonga,IDA,2021-05,39,210360715,5606279,1420702,1359425,
Tonga,IDA,2021-06,39,213959230,5615488,3598515,3589306,
Tonga,IDA,2021-07,39,214223678,5728500,264448,151436,
Tonga,IDA,2021-08,39,214773309,5728500,549631,549631,
Tonga,IDA,2021-09,39,216529271,5773833,1755962,1710629,
Tonga,IDA,2021-10,39,217285217,5807276,755946,722503,
Tonga,IDA,2021-11,41,218860554,5867115,1575337,1515498,
Tonga,IDA,2021-12,43,230576216,5876051,11715662,11706726,
Tonga,IDA,2022-01,43,238648225,5987889,8072009,7960171,
Tonga,IDA,2022-02,43,238982441,5987889,334216,334216,
Tonga,IDA,2022-03,43,240327352,6032314,1344911,1300486,
Tonga,IDA,2022-04,43,243933045,6064680,3605693,3573327,
Tonga,IDA,2022-05,43,245365996,6121361,1432951,1376270,
Tonga,IDA,2022-06,46,246362895,6129883,996899,988377,
Tonga,IDA,2022-07,46,247358420,6233889,995525,891519,
Tonga,IDA,2022-08,46,248031410,6233889,672990,672990,
Tonga,IDA,2022-09,46,267332413,6275358,19301003,19259534,
Tonga,IDA,2022-10,46,267682043,6305594,349630,319394,
Tonga,IDA,2022-11,46,268349837,6417694,667794,555694,
Tonga,IDA,2022-12,46,269277203,6426210,927366,918850,
Tonga,IDA,2023-01,46,270082541,6533322,805338,698226,
Tonga,IDA,2023-02,46,271090170,6533322,1007629,1007629,
Tonga,IDA,2023-03,46,272536824,6575782,1446654,1404194,
Tonga,IDA,2023-04,46,273222499,6607868,685675,653589,
Tonga,IDA,2023-05,46,274253541,6722306,1031042,916604,
Tonga,IDA,2023-06,46,274747732,6730838,494191,485659,
Tonga,IDA,2023-07,46,276707250,6838435,1959518,1851921,
Tonga,IDA,2023-08,46,278415350,6838435,1708100,1708100,
Tonga,IDA,2023-09,46,280432784,6880570,2017434,1975299,
Tonga,IDA,2023-10,46,280822603,6911598,389819,358791,
Tonga,IDA,2023-11,46,282352707,7024583,1530104,1417119,
Tonga,IDA,2023-12,46,284776862,7033170,2424155,2415568,
Tonga,IDA,2024-01,48,285325213,7244595,548351,336926,
Tonga,IDA,2024-02,48,286491302,7267185,1166089,1143499,
Tonga,IDA,2024-03,48,292637892,7309728,6146590,6104047,
Tonga,IDA,2024-04,48,294033437,7340909,1395545,1364364,
Tonga,IDA,2024-05,48,295347876,7453674,1314439,1201674,
Tonga,IDA,2024-06,48,297744887,7462105,2397011,2388580,
Tonga,IDA,2024-07,48,298554389,7672801,809502,598806,
Tonga,IDA,2024-08,49,302428655,7747767,3874266,3799300,
Tonga,IDA,2024-09,49,306052563,7790659,3623908,3581016,
Tonga,IDA,2024-10,50,307413664,7822303,1361101,1329457,
Tonga,IDA,2024-11,50,310467322,7934285,3053658,2941676,
Tonga,IDA,2024-12,51,314358936,7942679,3891614,3883220,
Tonga,IDA,2025-01,51,315925523,8148815,1566587,1360451,
Tonga,IDA,2025-02,51,316840428,8244226,914905,819494,
Tonga,IDA,2025-03,51,321304086,8286694,4463658,4421190,
Tonga,IDA,2025-04,51,322476557,8318784,1172471,1140381,
Tonga,IDA,2025-05,52,325820853,8433691,3344296,3229389,
Tonga,IDA,2025-06,52,339988124,8442418,14167271,14158544,
Tonga,IDA,2025-07,52,342545270,8659175,2557146,2340389,
Tonga,IDA,2025-08,52,344500419,8840933,1955149,1773391,
Tonga,IDA,2025-09,54,347451131,8884527,2950712,2907118,
Tonga,IDA,2025-10,54,350583403,8916830,3132272,3099969,
Tonga,IDA,2025-11,54,351428777,9032728,845374,729476,
Tonga,IDA,2025-12,54,353203476,9051476,1774699,1755951,
Tonga,IDA,2026-01,54,355944653,9285705,2741177,2506948,
Tonga,IDA,2026-02,54,357710418,9445322,1765765,1606148,
Tonga,IDA,2026-03,54,360347579,9512528,2637161,2569955,
Tonga,IDA,2026-04,55,363582348,9545073,3234769,3202224,
Tonga,IDA,2026-05,55,363667261,9661518,84913,-31532,
Tonga,IDA,2026-06,55,366872258,9697750,3204997,3168765,
Tonga,IDA,2026-07,55,368950172,9913631,2077914,1862033,
Comoros,IDA,2011-04,23,132438111,24544110,,,
Comoros,IDA,2011-05,23,132438111,24778416,0,-234306,
Comoros,IDA,2011-06,23,132864216,25184206,426105,20315,
Comoros,IDA,2011-07,23,132970172,25277311,105956,12851,
Comoros,IDA,2011-08,23,133044077,25530953,73905,-179737,
Comoros,IDA,2011-09,23,133150231,26206135,106154,-569028,
Comoros,IDA,2011-10,23,133205977,26267905,55746,-6024,
Comoros,IDA,2011-11,23,133216785,26495291,10808,-216578,
Comoros,IDA,2011-12,23,133454266,26889392,237481,-156620,
Comoros,IDA,2012-01,23,133564389,26978639,110123,20876,
Comoros,IDA,2012-02,23,133634491,27295068,70102,-246327,
Comoros,IDA,2012-03,23,134615160,27880965,980669,394772,
Comoros,IDA,2012-04,23,134615160,27941429,0,-60464,
Comoros,IDA,2012-05,23,134644444,28140391,29284,-169678,
Comoros,IDA,2012-06,23,135843007,28554967,1198563,783987,
Comoros,IDA,2012-07,23,135876311,28643047,33304,-54776,
Comoros,IDA,2012-08,23,135876311,28953622,0,-310575,
Comoros,IDA,2012-09,23,135941448,29545728,65137,-526969,
Comoros,IDA,2012-10,23,136389043,29606083,447595,387240,
Comoros,IDA,2012-11,24,136389043,29829016,0,-222933,
Comoros,IDA,2012-12,26,136427371,30222717,38328,-355373,
Comoros,IDA,2013-01,26,141450987,123454387,5023616,-88208054,
Comoros,IDA,2013-02,26,141976651,123467347,525664,512704,
Comoros,IDA,2013-03,27,141994648,123467347,17997,17997,
Comoros,IDA,2013-04,27,141997084,123467347,2436,2436,
Comoros,IDA,2013-05,27,142018829,123473045,21745,16047,
Comoros,IDA,2013-06,27,142131192,123473045,112363,112363,
Comoros,IDA,2013-07,27,142311019,123473045,179827,179827,
Comoros,IDA,2013-08,27,142311019,123485935,0,-12890,
Comoros,IDA,2013-09,29,142739742,123485935,428723,428723,
Comoros,IDA,2013-10,29,142739742,123485935,0,0,
Comoros,IDA,2013-11,30,142977472,123491696,237730,231969,
Comoros,IDA,2013-12,30,143785588,123491696,808116,808116,
Comoros,IDA,2014-01,30,143625479,123491696,-160109,-160109,
Comoros,IDA,2014-02,30,145285042,123504806,1659563,1646453,
Comoros,IDA,2014-03,30,146444105,123504806,1159063,1159063,
Comoros,IDA,2014-04,31,146457086,123504806,12981,12981,
Comoros,IDA,2014-05,31,150837460,123510647,4380374,4374533,
Comoros,IDA,2014-06,31,150837460,123510647,0,0,
Comoros,IDA,2014-07,31,151717417,123510647,879957,879957,
Comoros,IDA,2014-08,31,151997863,123523629,280446,267464,
Comoros,IDA,2014-09,31,152098432,123660282,100569,-36084,
Comoros,IDA,2014-10,31,152772112,123660282,673680,673680,
Comoros,IDA,2014-11,31,152824657,123665842,52545,46985,
Comoros,IDA,2014-12,31,153370049,123665842,545392,545392,
Comoros,IDA,2015-01,31,153370049,123665842,0,0,
Comoros,IDA,2015-02,32,153716115,123677859,346066,334049,
Comoros,IDA,2015-03,33,154079102,123804507,362987,236339,
Comoros,IDA,2015-04,33,154144811,123804507,65709,65709,
Comoros,IDA,2015-05,33,154324147,123809801,179336,174042,
Comoros,IDA,2015-06,34,157754568,123809801,3430421,3430421,
Comoros,IDA,2015-07,34,158076219,123809801,321651,321651,
Comoros,IDA,2015-08,34,158207312,123821721,131093,119173,
Comoros,IDA,2015-09,34,158323019,123948423,115707,-10995,
Comoros,IDA,2015-10,34,159052018,123948423,728999,728999,
Comoros,IDA,2015-11,34,160636481,123953677,1584463,1579209,
Comoros,IDA,2015-12,34,161397565,123953677,761084,761084,
Comoros,IDA,2016-01,34,161556223,123953677,158658,158658,
Comoros,IDA,2016-02,34,161961867,123965609,405644,393712,
Comoros,IDA,2016-03,34,162655268,124089999,693401,569011,
Comoros,IDA,2016-04,34,162951113,124089999,295845,295845,
Comoros,IDA,2016-05,34,163338955,124095330,387842,382511,
Comoros,IDA,2016-06,34,164826335,124095330,1487380,1487380,
Comoros,IDA,2016-07,34,165249870,124095330,423535,423535,
Comoros,IDA,2016-08,34,165591252,124106613,341382,330099,
Comoros,IDA,2016-09,34,165852365,124232768,261113,134958,
Comoros,IDA,2016-10,34,165982934,124232768,130569,130569,
Comoros,IDA,2016-11,34,167152677,124237950,1169743,1164561,
Comoros,IDA,2016-12,34,167310839,124237950,158162,158162,
Comoros,IDA,2017-01,35,167411461,124237950,100622,100622,
Comoros,IDA,2017-02,35,168118470,124249361,707009,695598,
Comoros,IDA,2017-03,35,168446365,124370771,327895,206485,
Comoros,IDA,2017-04,35,169233542,124370771,787177,787177,
Comoros,IDA,2017-05,35,169363421,124375922,129879,124728,
Comoros,IDA,2017-06,35,170247933,124375922,884512,884512,
Comoros,IDA,2017-07,35,178814105,124375922,8566172,8566172,
Comoros,IDA,2017-08,35,179247255,124387057,433150,422015,
Comoros,IDA,2017-09,35,179919856,124515415,672601,544243,
Comoros,IDA,2017-10,35,181316929,124515415,1397073,1397073,
Comoros,IDA,2017-11,35,182250439,124520700,933510,928225,
Comoros,IDA,2017-12,35,183821716,124520700,1571277,1571277,
Comoros,IDA,2018-01,35,184885943,124520700,1064227,1064227,
Comoros,IDA,2018-02,35,185869740,124531862,983797,972635,
Comoros,IDA,2018-03,35,187103736,124654714,1233996,1111144,
Comoros,IDA,2018-04,35,187516257,124663047,412521,404188,
Comoros,IDA,2018-05,35,188607052,124673840,1090795,1080002,
Comoros,IDA,2018-06,35,189756157,124673840,1149105,1149105,
Comoros,IDA,2018-07,35,190362852,124673840,606695,606695,
Comoros,IDA,2018-08,35,190418452,124693388,55600,36052,
Comoros,IDA,2018-09,36,191196107,124823501,777655,647542,
Comoros,IDA,2018-10,36,191948859,124823501,752752,752752,
Comoros,IDA,2018-11,36,192242032,124833929,293173,282745,
Comoros,IDA,2018-12,36,192982646,124833929,740614,740614,
Comoros,IDA,2019-01,36,193636323,124833929,653677,653677,
Comoros,IDA,2019-02,36,194481988,124857474,845665,822120,
Comoros,IDA,2019-03,36,194633997,124982973,152009,26510,
Comoros,IDA,2019-04,36,194634508,124982973,511,511,
Comoros,IDA,2019-05,37,195435072,124993411,800564,790126,
Comoros,IDA,2019-06,37,196229191,124993411,794119,794119,
Comoros,IDA,2019-07,39,196978529,124993411,749338,749338,
Comoros,IDA,2019-08,39,197356666,125016058,378137,355490,
Comoros,IDA,2019-09,39,197564916,125139896,208250,84412,
Comoros,IDA,2019-10,39,197929544,125139896,364628,364628,
Comoros,IDA,2019-11,39,198094973,125150279,165429,155046,
Comoros,IDA,2019-12,42,198625133,125150279,530160,530160,
Comoros,IDA,2020-01,42,199087717,125150279,462584,462584,
Comoros,IDA,2020-02,42,199087717,125173500,0,-23221,
Comoros,IDA,2020-03,42,199670137,125297094,582420,458826,
Comoros,IDA,2020-04,42,205078179,125297094,5408042,5408042,
Comoros,IDA,2020-05,42,211691825,125307396,6613646,6603344,
Comoros,IDA,2020-06,44,213106675,125307396,1414850,1414850,
Comoros,IDA,2020-07,46,215168033,125307396,2061358,2061358,
Comoros,IDA,2020-08,48,215445280,125331342,277247,253301,
Comoros,IDA,2020-09,48,216106556,125459460,661276,533158,
Comoros,IDA,2020-10,48,217185945,125459460,1079389,1079389,
Comoros,IDA,2020-11,48,224109601,125470082,6923656,6913034,
Comoros,IDA,2020-12,49,235471516,125470082,11361915,11361915,
Comoros,IDA,2021-01,49,235937269,125470082,465753,465753,
Comoros,IDA,2021-02,49,236283316,125494546,346047,321583,
Comoros,IDA,2021-03,50,242478639,125623702,6195323,6066167,
Comoros,IDA,2021-04,50,243506498,125623702,1027859,1027859,
Comoros,IDA,2021-05,50,248650305,125634505,5143807,5133004,
Comoros,IDA,2021-06,52,249472866,125634505,822561,822561,
Comoros,IDA,2021-07,52,250210830,125634505,737964,737964,
Comoros,IDA,2021-08,52,250275000,125658623,64170,40052,
Comoros,IDA,2021-09,52,252735882,125786668,2460882,2332837,
Comoros,IDA,2021-10,52,253038687,125786668,302805,302805,
Comoros,IDA,2021-11,52,254064495,125797281,1025808,1015195,
Comoros,IDA,2021-12,52,257152497,125797281,3088002,3088002,
Comoros,IDA,2022-01,52,257668225,125797281,515728,515728,
Comoros,IDA,2022-02,52,261624225,125821073,3956000,3932208,
Comoros,IDA,2022-03,52,266113819,125946599,4489594,4364068,
Comoros,IDA,2022-04,52,267689358,125946599,1575539,1575539,
Comoros,IDA,2022-05,56,271234215,125956719,3544857,3534737,
Comoros,IDA,2022-06,58,278877830,125956719,7643615,7643615,
Comoros,IDA,2022-07,58,279444901,125956719,567071,567071,
Comoros,IDA,2022-08,58,281108455,125979131,1663554,1641142,
Comoros,IDA,2022-09,58,283286051,126096302,2177596,2060425,
Comoros,IDA,2022-10,58,285241098,126096302,1955047,1955047,
Comoros,IDA,2022-11,58,287846952,126105978,2605854,2596178,
Comoros,IDA,2022-12,59,290353752,126105978,2506800,2506800,
Comoros,IDA,2023-01,59,290777995,126105978,424243,424243,
Comoros,IDA,2023-02,59,291942724,126128688,1164729,1142019,
Comoros,IDA,2023-03,59,293680786,126248735,1738062,1618015,
Comoros,IDA,2023-04,59,301595996,126248735,7915210,7915210,
Comoros,IDA,2023-05,62,305912672,126258874,4316676,4306537,
Comoros,IDA,2023-06,63,310970040,126258874,5057368,5057368,
Comoros,IDA,2023-07,63,321020808,126258874,10050768,10050768,
Comoros,IDA,2023-08,63,322773133,126281498,1752325,1729701,
Comoros,IDA,2023-09,64,323886262,126401199,1113129,993428,
Comoros,IDA,2023-10,64,325799017,126401199,1912755,1912755,
Comoros,IDA,2023-11,64,351041506,126411048,25242489,25232640,
Comoros,IDA,2023-12,64,355670793,126411048,4629287,4629287,
Comoros,IDA,2024-01,64,357789045,126411048,2118252,2118252,
Comoros,IDA,2024-02,64,361348790,126433510,3559745,3537283,
Comoros,IDA,2024-03,65,367562830,126552908,6214040,6094642,
Comoros,IDA,2024-04,65,375343918,126552908,7781088,7781088,
Comoros,IDA,2024-05,65,376695652,126562799,1351734,1341843,
Comoros,IDA,2024-06,66,387072977,126562799,10377325,10377325,
Comoros,IDA,2024-07,67,388768593,126562799,1695616,1695616,
Comoros,IDA,2024-08,67,390008794,126585529,1240201,1217471,
Comoros,IDA,2024-09,67,397170841,126827917,7162047,6919659,
Comoros,IDA,2024-10,67,400399388,126827917,3228547,3228547,
Comoros,IDA,2024-11,67,404626459,126837933,4227071,4217055,
Comoros,IDA,2024-12,67,410734350,126837933,6107891,6107891,
Comoros,IDA,2025-01,67,415269438,126837933,4535088,4535088,
Comoros,IDA,2025-02,68,420052112,126860185,4782674,4760422,
Comoros,IDA,2025-03,68,425589879,127096346,5537767,5301606,
Comoros,IDA,2025-04,70,429953732,127096346,4363853,4363853,
Comoros,IDA,2025-05,71,434886054,127106536,4932322,4922132,
Comoros,IDA,2025-06,72,447195000,127106536,12308946,12308946,
Comoros,IDA,2025-07,72,452949843,127106536,5754843,5754843,
Comoros,IDA,2025-08,73,461257260,127129786,8307417,8284167,
Comoros,IDA,2025-09,75,466688387,127376140,5431127,5184773,
Comoros,IDA,2025-10,75,473693518,127376140,7005131,7005131,
Comoros,IDA,2025-11,75,497388084,127386363,23694566,23684343,
Comoros,IDA,2025-12,75,507317301,127386363,9929217,9929217,
Comoros,IDA,2026-01,76,513654066,127386363,6336765,6336765,
Comoros,IDA,2026-02,77,519967896,127405220,6313830,6294973,
Comoros,IDA,2026-03,78,528418088,127657089,8450192,8198323,
Comoros,IDA,2026-04,78,533426843,127657089,5008755,5008755,
Comoros,IDA,2026-05,79,540339482,127667425,6912639,6902303,
Comoros,IDA,2026-06,80,550401503,127667425,10062021,10062021,
Comoros,IDA,2026-07,80,552940290,127667425,2538787,2538787,
